/Users/younghwa/Desktop/tracks/fast_melody_regular_drums.mp3,84
/Users/younghwa/Desktop/tracks/c_major_theme.mp3,106.773
/Users/younghwa/Desktop/tracks/ms20_improvisation.mp3,462.155
/Users/younghwa/Desktop/tracks/stomper_reggae_bit.mp3,88
/Users/younghwa/Desktop/tracks/bleep_2.mp3,50.1013
/Users/younghwa/Desktop/tracks/01-180813_1305.mp3,12.9892
/Users/younghwa/Desktop/tracks/selection1.mp3,79.05
/Users/younghwa/Desktop/tracks/stomper1.mp3,164
/Users/younghwa/Desktop/tracks/soft.mp3,13.6858
/Users/younghwa/Desktop/tracks/bleep_10.mp3,18.1013
/Users/younghwa/Desktop/tracks/twindrive.mp3,410.112
/Users/younghwa/Desktop/tracks/bad_frog.mp3,480.917
/Users/younghwa/Desktop/tracks/electro_smash.mp3,134.079
/Users/younghwa/Desktop/tracks/fast_melody_thing.mp3,80
/Users/younghwa/Desktop/tracks/hard.mp3,12.8499
/Users/younghwa/Desktop/tracks/aon_inspired.mp3,94
